AAACCCAAGAAACACT-1,ENSMUSG00000060279,Ap2a1,Gene Expression,1
AGGATCTCAACCAGAG-1,ENSMUSG00000022748,Cmss1,Gene Expression,1
AGGATCTCAACCAGAG-1,ENSMUSG00000027551,Zfp64,Gene Expression,1
AGGATCTCAACCAGAG-1,ENSMUSG00000044340,Phlpp1,Gene Expression,1
AGGATCTCAACCGCCA-1,ENSMUSG00000043531,Sorcs1,Gene Expression,1
AGGATCTCAACCTAAC-1,ENSMUSG00000042686,Jph1,Gene Expression,1
GGGATCTCAACCTAAC-1,ENSMUSG00000042686,Jph1,Gene Expression,2
AGGATCTCAACGTATC-1,ENSMUSG00000001768,Rin2,Gene Expression,1
AGGATCTCAACGTATC-1,ENSMUSG00000001891,Ugp2,Gene Expression,1
AGGATCTCAACGTATC-1,ENSMUSG00000001911,Nfix,Gene Expression,1
AGGATCTCAACGTATC-1,ENSMUSG00000001918,Slc1a5,Gene Expression,1
